书名,价格
A Light in the Attic,£51.77
Tipping the Velvet,£53.74
Soumission,£50.10
Sharp Objects,£47.82
Sapiens: A Brief History of Humankind,£54.23
The Requiem Red,£22.65
The Dirty Little Secrets of Getting Your Dream Job,£33.34
"The Coming Woman: A Novel Based on the Life of the Infamous Feminist, Victoria Woodhull",£17.93
The Boys in the Boat: Nine Americans and Their Epic Quest for Gold at the 1936 Berlin Olympics,£22.60
The Black Maria,£52.15
"Starving Hearts (Triangular Trade Trilogy, #1)",£13.99
Shakespeare's Sonnets,£20.66
Set Me Free,£17.46
Scott Pilgrim's Precious Little Life (Scott Pilgrim #1),£52.29
Rip it Up and Start Again,£35.02
"Our Band Could Be Your Life: Scenes from the American Indie Underground, 1981-1991",£57.25
Olio,£23.88
Mesaerion: The Best Science Fiction Stories 1800-1849,£37.59
Libertarianism for Beginners,£51.33
It's Only the Himalayas,£45.17
In Her Wake,£12.84
How Music Works,£37.32
"Foolproof Preserving: A Guide to Small Batch Jams, Jellies, Pickles, Condiments, and More: A Foolproof Guide to Making Small Batch Jams, Jellies, Pickles, Condiments, and More",£30.52
Chase Me (Paris Nights #2),£25.27
Black Dust,£34.53
Birdsong: A Story in Pictures,£54.64
America's Cradle of Quarterbacks: Western Pennsylvania's Football Factory from Johnny Unitas to Joe Montana,£22.50
Aladdin and His Wonderful Lamp,£53.13
Worlds Elsewhere: Journeys Around Shakespeare’s Globe,£40.30
Wall and Piece,£44.18
The Four Agreements: A Practical Guide to Personal Freedom,£17.66
The Five Love Languages: How to Express Heartfelt Commitment to Your Mate,£31.05
The Elephant Tree,£23.82
The Bear and the Piano,£36.89
Sophie's World,£15.94
Penny Maybe,£33.29
Maude (1883-1993):She Grew Up with the country,£18.02
"In a Dark, Dark Wood",£19.63
Behind Closed Doors,£52.22
You can't bury them all: Poems,£33.63
Slow States of Collapse: Poems,£57.31
Reasons to Stay Alive,£26.41
Private Paris (Private #10),£47.61
#HigherSelfie: Wake Up Your Life. Free Your Soul. Find Your Tribe.,£23.11
Without Borders (Wanderlove #1),£45.07
When We Collided,£31.77
"We Love You, Charlie Freeman",£50.27
Untitled Collection: Sabbath Poems 2014,£14.27
"Unseen City: The Majesty of Pigeons, the Discreet Charm of Snails & Other Wonders of the Urban Wilderness",£44.18
Unicorn Tracks,£18.78
"Unbound: How Eight Technologies Made Us Human, Transformed Society, and Brought Our World to the Brink",£25.52
Tsubasa: WoRLD CHRoNiCLE 2 (Tsubasa WoRLD CHRoNiCLE #2),£16.28
Throwing Rocks at the Google Bus: How Growth Became the Enemy of Prosperity,£31.12
This One Summer,£19.49
Thirst,£17.27
The Torch Is Passed: A Harding Family Story,£19.09
The Secret of Dreadwillow Carse,£56.13
"The Pioneer Woman Cooks: Dinnertime: Comfort Classics, Freezer Food, 16-Minute Meals, and Other Delicious Ways to Solve Supper!",£56.41
The Past Never Ends,£56.50
The Natural History of Us (The Fine Art of Pretending #2),£45.22
The Nameless City (The Nameless City #1),£38.16
The Murder That Never Was (Forensic Instincts #5),£54.11
The Most Perfect Thing: Inside (and Outside) a Bird's Egg,£42.96
"The Mindfulness and Acceptance Workbook for Anxiety: A Guide to Breaking Free from Anxiety, Phobias, and Worry Using Acceptance and Commitment Therapy",£23.89
The Life-Changing Magic of Tidying Up: The Japanese Art of Decluttering and Organizing,£16.77
"The Inefficiency Assassin: Time Management Tactics for Working Smarter, Not Longer",£20.59
The Gutsy Girl: Escapades for Your Life of Epic Adventure,£37.13
The Electric Pencil: Drawings from Inside State Hospital No. 3,£56.06
The Death of Humanity: and the Case for Life,£58.11
"The Bulletproof Diet: Lose up to a Pound a Day, Reclaim Energy and Focus, Upgrade Your Life",£49.05
The Art Forger,£40.76
The Age of Genius: The Seventeenth Century and the Birth of the Modern Mind,£19.73
The Activist's Tao Te Ching: Ancient Advice for a Modern Revolution,£32.24
Spark Joy: An Illustrated Master Class on the Art of Organizing and Tidying Up,£41.83
Soul Reader,£39.58
Security,£39.25
"Saga, Volume 6 (Saga (Collected Editions) #6)",£25.02
"Saga, Volume 5 (Saga (Collected Editions) #5)",£51.04
Reskilling America: Learning to Labor in the Twenty-First Century,£19.83
"Rat Queens, Vol. 3: Demons (Rat Queens (Collected Editions) #11-15)",£50.40
"Princess Jellyfish 2-in-1 Omnibus, Vol. 01 (Princess Jellyfish 2-in-1 Omnibus #1)",£13.61
Princess Between Worlds (Wide-Awake Princess #5),£13.34
"Pop Gun War, Volume 1: Gift",£18.97
"Political Suicide: Missteps, Peccadilloes, Bad Calls, Backroom Hijinx, Sordid Pasts, Rotten Breaks, and Just Plain Dumb Mistakes in the Annals of American Politics",£36.28
Patience,£10.16
"Outcast, Vol. 1: A Darkness Surrounds Him (Outcast #1)",£15.44
orange: The Complete Collection 1 (orange: The Complete Collection #1),£48.41
Online Marketing for Busy Authors: A Step-By-Step Guide,£46.35
On a Midnight Clear,£14.07
Obsidian (Lux #1),£14.86
My Paris Kitchen: Recipes and Stories,£33.37
Masks and Shadows,£56.40
"Mama Tried: Traditional Italian Cooking for the Screwed, Crude, Vegan, and Tattooed",£14.02
"Lumberjanes, Vol. 2: Friendship to the Max (Lumberjanes #5-8)",£46.91
"Lumberjanes, Vol. 1: Beware the Kitten Holy (Lumberjanes #1-4)",£45.61
Lumberjanes Vol. 3: A Terrible Plan (Lumberjanes #9-12),£19.92
"Layered: Baking, Building, and Styling Spectacular Cakes",£40.11
Judo: Seven Steps to Black Belt (an Introductory Guide for Beginners),£53.90
Join,£35.67
In the Country We Love: My Family Divided,£22.00
Immunity: How Elie Metchnikoff Changed the Course of Modern Medicine,£57.36
"I Hate Fairyland, Vol. 1: Madly Ever After (I Hate Fairyland (Compilations) #1-5)",£29.17
I am a Hero Omnibus Volume 1,£54.63
How to Be Miserable: 40 Strategies You Already Use,£46.03
Her Backup Boyfriend (The Sorensen Family #1),£33.97
"Giant Days, Vol. 2 (Giant Days #5-8)",£22.11
Forever and Forever: The Courtship of Henry Longfellow and Fanny Appleton,£29.69
First and First (Five Boroughs #3),£15.97
Fifty Shades Darker (Fifty Shades #2),£21.96
Everydata: The Misinformation Hidden in the Little Data You Consume Every Day,£54.35
"Don't Be a Jerk: And Other Practical Advice from Dogen, Japan's Greatest Zen Master",£37.97
Danganronpa Volume 1,£51.99
Crown of Midnight (Throne of Glass #2),£43.29
"Codename Baboushka, Volume 1: The Conclave of Death",£36.72
Camp Midnight,£17.08
Call the Nurse: True Stories of a Country Nurse on a Scottish Isle,£29.14
Burning,£28.81
Bossypants,£49.46
"Bitch Planet, Vol. 1: Extraordinary Machine (Bitch Planet (Collected Editions))",£37.92
"Avatar: The Last Airbender: Smoke and Shadow, Part 3 (Smoke and Shadow #3)",£28.09
Algorithms to Live By: The Computer Science of Human Decisions,£30.81
A World of Flavor: Your Gluten Free Passport,£42.95
"A Piece of Sky, a Grain of Rice: A Memoir in Four Meditations",£56.76
A Murder in Time,£16.64
A Flight of Arrows (The Pathfinders #2),£55.53
A Fierce and Subtle Poison,£28.13
A Court of Thorns and Roses (A Court of Thorns and Roses #1),£52.37
(Un)Qualified: How God Uses Broken People to Do Big Things,£54.00
You Are What You Love: The Spiritual Power of Habit,£21.87
"William Shakespeare's Star Wars: Verily, A New Hope (William Shakespeare's Star Wars #4)",£43.30
Tuesday Nights in 1980,£21.04
Tracing Numbers on a Train,£41.60
Throne of Glass (Throne of Glass #1),£35.07
Thomas Jefferson and the Tripoli Pirates: The Forgotten War That Changed American History,£59.64
Thirteen Reasons Why,£52.72
The White Cat and the Monk: A Retelling of the Poem “Pangur Bán”,£58.08
The Wedding Dress,£24.12
The Vacationers,£42.15
The Third Wave: An Entrepreneur’s Vision of the Future,£12.61
The Stranger,£17.44
The Shadow Hero (The Shadow Hero),£33.14
The Secret (The Secret #1),£27.37
The Regional Office Is Under Attack!,£51.36
The Psychopath Test: A Journey Through the Madness Industry,£36.00
The Project,£10.65
The Power of Now: A Guide to Spiritual Enlightenment,£43.54
The Omnivore's Dilemma: A Natural History of Four Meals,£38.21
The Nerdy Nummies Cookbook: Sweet Treats for the Geek in All of Us,£37.34
The Murder of Roger Ackroyd (Hercule Poirot #4),£44.10
The Mistake (Off-Campus #2),£43.29
The Matchmaker's Playbook (Wingmen Inc. #1),£55.85
The Love and Lemons Cookbook: An Apple-to-Zucchini Celebration of Impromptu Cooking,£37.60
The Long Shadow of Small Ghosts: Murder and Memory in an American City,£10.97
The Kite Runner,£41.82
The House by the Lake,£36.95
The Glittering Court (The Glittering Court #1),£44.28
The Girl on the Train,£55.02
The Genius of Birds,£17.24
The Emerald Mystery,£23.15
The Cookies & Cups Cookbook: 125+ sweet & savory recipes reminding you to Always Eat Dessert First,£41.25
The Bridge to Consciousness: I'm Writing the Bridge Between Science and Our Old and New Beliefs.,£32.00
The Artist's Way: A Spiritual Path to Higher Creativity,£38.49
The Art of War,£33.34
The Argonauts,£10.93
The 10% Entrepreneur: Live Your Startup Dream Without Quitting Your Day Job,£27.55
Suddenly in Love (Lake Haven #1),£55.99
Something More Than This,£16.24
Soft Apocalypse,£26.12
So You've Been Publicly Shamed,£12.23
Shoe Dog: A Memoir by the Creator of NIKE,£23.99
"Shobu Samurai, Project Aryoku (#3)",£29.06
Secrets and Lace (Fatal Hearts #1),£20.27
Scarlett Epstein Hates It Here,£43.55
Romero and Juliet: A Tragic Tale of Love and Zombies,£36.94
Redeeming Love,£20.47
Poses for Artists Volume 1 - Dynamic and Sitting Poses: An Essential Reference for Figure Drawing and the Human Form,£41.06
Poems That Make Grown Women Cry,£14.19
"Nightingale, Sing",£38.28
Night Sky with Exit Wounds,£41.05
Mrs. Houdini,£30.25
Modern Romance,£28.26
Miss Peregrine’s Home for Peculiar Children (Miss Peregrine’s Peculiar Children #1),£10.76
Louisa: The Extraordinary Life of Mrs. Adams,£16.85
Little Red,£13.47
Library of Souls (Miss Peregrine’s Peculiar Children #3),£48.56
Large Print Heart of the Pride,£19.15
I Had a Nice Time And Other Lies...: How to find love & sh*t like that,£57.36
Hollow City (Miss Peregrine’s Peculiar Children #2),£42.98
Grumbles,£22.16
Full Moon over Noah’s Ark: An Odyssey to Mount Ararat and Beyond,£49.43
Frostbite (Vampire Academy #2),£29.99
Follow You Home,£21.36
First Steps for New Christians (Print Edition),£29.00
Finders Keepers (Bill Hodges Trilogy #2),£53.53
"Fables, Vol. 1: Legends in Exile (Fables #1)",£41.62
Eureka Trivia 6.0,£54.59
Drive: The Surprising Truth About What Motivates Us,£34.95
Done Rubbed Out (Reightman & Bailey #1),£37.72
Doing It Over (Most Likely To #1),£35.61
"Deliciously Ella Every Day: Quick and Easy Recipes for Gluten-Free Snacks, Packed Lunches, and Simple Meals",£42.16
Dark Notes,£19.19
"Daring Greatly: How the Courage to Be Vulnerable Transforms the Way We Live, Love, Parent, and Lead",£19.43
Close to You,£49.46
Chasing Heaven: What Dying Taught Me About Living,£37.80
Big Magic: Creative Living Beyond Fear,£30.80
Becoming Wise: An Inquiry into the Mystery and Art of Living,£27.43
Beauty Restored (Riley Family Legacy Novellas #3),£11.11
Batman: The Long Halloween (Batman),£36.50
Batman: The Dark Knight Returns (Batman),£15.38
Ayumi's Violin,£15.48
Anonymous,£46.82
Amy Meets the Saints and Sages,£18.46
Amid the Chaos,£36.58
Amatus,£50.54
Agnostic: A Spirited Manifesto,£12.51
Zealot: The Life and Times of Jesus of Nazareth,£24.70
You (You #1),£43.61
"Wonder Woman: Earth One, Volume One (Wonder Woman: Earth One #1)",£37.34
Wild Swans,£14.36
Why the Right Went Wrong: Conservatism--From Goldwater to the Tea Party and Beyond,£52.65
Whole Lotta Creativity Going On: 60 Fun and Unusual Exercises to Awaken and Strengthen Your Creativity,£38.20
What's It Like in Space?: Stories from Astronauts Who've Been There,£19.60
"We Are Robin, Vol. 1: The Vigilante Business (We Are Robin #1)",£53.90
Walt Disney's Alice in Wonderland,£12.96
V for Vendetta (V for Vendetta Complete),£37.10
Until Friday Night (The Field Party #1),£46.31
"Unbroken: A World War II Story of Survival, Resilience, and Redemption",£45.95
Twenty Yawns,£22.08
Through the Woods,£25.38
This Is Where It Ends,£27.12
The Year of Magical Thinking,£43.04
The Wright Brothers,£56.80
The White Queen (The Cousins' War #1),£25.91
The Wedding Pact (The O'Malleys #2),£32.61
The Time Keeper,£27.88
The Testament of Mary,£52.67
The Star-Touched Queen,£46.02
The Songs of the Gods,£44.48
The Song of Achilles,£37.40
The Rosie Project (Don Tillman #1),£54.04
The Power of Habit: Why We Do What We Do in Life and Business,£16.88
The Marriage of Opposites,£28.08
The Lucifer Effect: Understanding How Good People Turn Evil,£10.40
The Long Haul (Diary of a Wimpy Kid #9),£44.07
The Loney,£23.40
The Literature Book (Big Ideas Simply Explained),£17.43
The Last Mile (Amos Decker #2),£54.21
The Immortal Life of Henrietta Lacks,£40.67
The Hidden Oracle (The Trials of Apollo #1),£52.26
The Help Yourself Cookbook for Kids: 60 Easy Plant-Based Recipes Kids Can Make to Stay Healthy and Save the Earth,£28.77
The Guilty (Will Robie #4),£13.82
The First Hostage (J.B. Collins #2),£25.85
The Dovekeepers,£48.78
The Darkest Lie,£35.35
The Bane Chronicles (The Bane Chronicles #1-11),£44.73
The Bad-Ass Librarians of Timbuktu: And Their Race to Save the World’s Most Precious Manuscripts,£15.77
The 14th Colony (Cotton Malone #11),£39.24
That Darkness (Gardiner and Renner #1),£13.92
Tastes Like Fear (DI Marnie Rome #3),£10.69
Take Me with You,£45.21
Swell: A Year of Waves,£45.58
Superman Vol. 1: Before Truth (Superman by Gene Luen Yang #1),£11.89
Still Life with Bread Crumbs,£26.41
Steve Jobs,£39.50
Sorting the Beef from the Bull: The Science of Food Fraud Forensics,£44.74
Someone Like You (The Harrisons #2),£52.79
"So Cute It Hurts!!, Vol. 6 (So Cute It Hurts!! #6)",£35.43
Shtum,£55.84
See America: A Celebration of Our National Parks & Treasured Sites,£48.87
salt.,£46.78
Robin War,£47.82
"Red Hood/Arsenal, Vol. 1: Open for Business (Red Hood/Arsenal #1)",£25.48
Rain Fish,£23.57
"Quarter Life Poetry: Poems for the Young, Broke and Hangry",£50.89
Pet Sematary,£10.56
"Overload: How to Unplug, Unwind, and Unleash Yourself from the Pressure of Stress",£52.15
Once Was a Time,£18.28
Old School (Diary of a Wimpy Kid #10),£11.83
No Dream Is Too High: Life Lessons From a Man Who Walked on the Moon,£21.95
"Naruto (3-in-1 Edition), Vol. 14: Includes Vols. 40, 41 & 42 (Naruto: Omnibus #14)",£38.39
My Name Is Lucy Barton,£41.56
My Mrs. Brown,£24.48
My Kind of Crazy,£40.36
Mr. Mercedes (Bill Hodges Trilogy #1),£28.90
More Than Music (Chasing the Dream #1),£37.61
Made to Stick: Why Some Ideas Survive and Others Die,£38.85
Luis Paints the World,£53.95
Luckiest Girl Alive,£49.83
Lowriders to the Center of the Earth (Lowriders in Space #2),£51.51
Love Is a Mix Tape (Music #1),£18.03
Looking for Lovely: Collecting the Moments that Matter,£29.14
"Living Leadership by Insight: A Good Leader Achieves, a Great Leader Builds Monuments",£46.91
Let It Out: A Journey Through Journaling,£26.79
Lady Midnight (The Dark Artifices #1),£16.28
"It's All Easy: Healthy, Delicious Weeknight Meals in under 30 Minutes",£19.55
Island of Dragons (Unwanteds #7),£29.65
I Know What I'm Doing -- and Other Lies I Tell Myself: Dispatches from a Life Under Construction,£25.98
I Am Pilgrim (Pilgrim #1),£10.60
"Hyperbole and a Half: Unfortunate Situations, Flawed Coping Mechanisms, Mayhem, and Other Things That Happened",£14.75
"Hush, Hush (Hush, Hush #1)",£47.02
Hold Your Breath (Search and Rescue #1),£28.82
Hamilton: The Revolution,£58.79
Greek Mythic History,£10.23
God: The Most Unpleasant Character in All Fiction,£30.03
Glory over Everything: Beyond The Kitchen House,£45.84
Feathers: Displays of Brilliant Plumage,£49.05
"Far & Away: Places on the Brink of Change: Seven Continents, Twenty-Five Years",£15.06
Every Last Word,£46.47
Eligible (The Austen Project #4),£27.09
El Deafo,£57.62
Eight Hundred Grapes,£14.39
"Eaternity: More than 150 Deliciously Easy Vegan Recipes for a Long, Healthy, Satisfied, Joyful Life",£51.75
"Eat Fat, Get Thin",£54.07
Don't Get Caught,£55.35
Doctor Sleep (The Shining #2),£40.12
Demigods & Magicians: Percy and Annabeth Meet the Kanes (Percy Jackson & Kane Chronicles Crossover #1-3),£37.51
Dear Mr. Knightley,£11.21
Daily Fantasy Sports,£36.58
Crazy Love: Overwhelmed by a Relentless God,£47.72
Cometh the Hour (The Clifton Chronicles #6),£25.01
Code Name Verity (Code Name Verity #1),£22.13
Clockwork Angel (The Infernal Devices #1),£44.14
City of Glass (The Mortal Instruments #3),£56.02
City of Fallen Angels (The Mortal Instruments #4),£11.23
City of Bones (The Mortal Instruments #1),£43.28
City of Ashes (The Mortal Instruments #2),£47.27
Cell,£20.29
Catching Jordan (Hundred Oaks),£50.83
"Carry On, Warrior: Thoughts on Life Unarmed",£31.85
Carrie,£46.23
Buying In: The Secret Dialogue Between What We Buy and Who We Are,£37.80
Brain on Fire: My Month of Madness,£49.32
Batman: Europa,£32.01
Barefoot Contessa Back to Basics,£28.01
Barefoot Contessa at Home: Everyday Recipes You'll Make Over and Over Again,£50.62
Balloon Animals,£17.03
Art Ops Vol. 1,£48.80
Aristotle and Dante Discover the Secrets of the Universe (Aristotle and Dante Discover the Secrets of the Universe #1),£58.14
Angels Walking (Angels Walking #1),£34.20
Angels & Demons (Robert Langdon #1),£51.48
All the Light We Cannot See,£29.87
"Adulthood Is a Myth: A ""Sarah's Scribbles"" Collection",£10.90
Abstract City,£56.37
A Time of Torment (Charlie Parker #14),£48.35
A Study in Scarlet (Sherlock Holmes #1),£16.73
"A Series of Catastrophes and Miracles: A True Story of Love, Science, and Cancer",£56.48
A People's History of the United States,£40.79
A Man Called Ove,£39.72
A Distant Mirror: The Calamitous 14th Century,£14.58
A Brush of Wings (Angels Walking #3),£55.51
1491: New Revelations of the Americas Before Columbus,£21.80
"The Three Searches, Meaning, and the Story",£13.33
Searching for Meaning in Gailana,£38.73
Rook,£37.86
My Kitchen Year: 136 Recipes That Saved My Life,£11.53
13 Hours: The Inside Account of What Really Happened In Benghazi,£27.06
Will You Won't You Want Me?,£13.86
Tipping Point for Planet Earth: How Close Are We to the Edge?,£37.55
The Star-Touched Queen,£32.30
The Silent Sister (Riley MacPherson #1),£46.29
The Midnight Watch: A Novel of the Titanic and the Californian,£26.20
The Lonely City: Adventures in the Art of Being Alone,£33.26
The Gray Rhino: How to Recognize and Act on the Obvious Dangers We Ignore,£59.15
The Golden Condom: And Other Essays on Love Lost and Found,£39.43
The Epidemic (The Program 0.6),£14.44
The Dinner Party,£56.54
The Diary of a Young Girl,£59.90
The Children,£11.88
Stars Above (The Lunar Chronicles #4.5),£48.05
Snatched: How A Drug Queen Went Undercover for the DEA and Was Kidnapped By Colombian Guerillas,£21.21
Raspberry Pi Electronics Projects for the Evil Genius,£49.67
Quench Your Own Thirst: Business Lessons Learned Over a Beer or Two,£43.14
Psycho: Sanitarium (Psycho #1.5),£36.97
Poisonous (Max Revere Novels #3),£26.80
One with You (Crossfire #5),£15.71
No Love Allowed (Dodge Cove #1),£54.65
Murder at the 42nd Street Library (Raymond Ambler #1),£54.36
Most Wanted,£35.28
"Love, Lies and Spies",£20.55
How to Speak Golf: An Illustrated Guide to Links Lingo,£58.32
Hide Away (Eve Duncan #20),£11.84
Furiously Happy: A Funny Book About Horrible Things,£41.46
Everyday Italian: 125 Simple and Delicious Recipes,£20.10
Equal Is Unfair: America's Misguided Fight Against Income Inequality,£56.86
Eleanor & Park,£56.51
Dirty (Dive Bar #1),£40.83
Can You Keep a Secret? (Fear Street Relaunch #4),£48.64
Boar Island (Anna Pigeon #19),£59.48
A Paris Apartment,£39.01
"A la Mode: 120 Recipes in 60 Pairings: Pies, Tarts, Cakes, Crisps, and More Topped with Ice Cream, Gelato, Frozen Custard, and More",£38.77
Troublemaker: Surviving Hollywood and Scientology,£48.39
The Widow,£27.26
"The Sleep Revolution: Transforming Your Life, One Night at a Time",£11.68
The Improbability of Love,£59.45
The Art of Startup Fundraising,£21.00
Take Me Home Tonight (Rock Star Romance #3),£53.98
Sleeping Giants (Themis Files #1),£48.74
"Setting the World on Fire: The Brief, Astonishing Life of St. Catherine of Siena",£21.15
Playing with Fire,£13.71
Off the Hook (Fishing for Trouble #1),£47.67
Mothering Sunday,£13.34
"Mother, Can You Not?",£16.89
M Train,£27.18
Lilac Girls,£17.28
Lies and Other Acts of Love,£45.14
Lab Girl,£40.85
Keep Me Posted,£20.46
It Didn't Start with You: How Inherited Family Trauma Shapes Who We Are and How to End the Cycle,£56.27
Grey (Fifty Shades #4),£48.49
"Exit, Pursued by a Bear",£51.34
Daredevils,£16.34
Cravings: Recipes for What You Want to Eat,£20.50
Born for This: How to Find the Work You Were Meant to Do,£21.59
Arena,£21.36
Adultery,£20.88
A Mother's Reckoning: Living in the Aftermath of Tragedy,£19.53
A Gentleman's Position (Society of Gentlemen #3),£14.75
11/22/63,£48.48
"10% Happier: How I Tamed the Voice in My Head, Reduced Stress Without Losing My Edge, and Found Self-Help That Actually Works",£24.57
10-Day Green Smoothie Cleanse: Lose Up to 15 Pounds in 10 Days!,£49.71
Without Shame,£48.27
Watchmen,£58.05
Unlimited Intuition Now,£58.87
Underlying Notes,£11.82
The Shack,£28.03
The New Brand You: Your New Image Makes the Sale for You,£44.05
"The Moosewood Cookbook: Recipes from Moosewood Restaurant, Ithaca, New York",£12.34
The Flowers Lied,£16.68
"The Fabric of the Cosmos: Space, Time, and the Texture of Reality",£55.91
The Book of Mormon,£24.57
The Art and Science of Low Carbohydrate Living,£52.98
The Alien Club,£54.40
Suzie Snowflake: One beautiful flake (a self-esteem story),£54.81
Nap-a-Roo,£25.08
"NaNo What Now? Finding your editing process, revising your NaNoWriMo book and building a writing career through publishing and beyond",£10.41
Modern Day Fables,£47.44
If I Gave You God's Phone Number....: Searching for Spirituality in America,£20.91
"Fruits Basket, Vol. 9 (Fruits Basket #9)",£33.95
Dress Your Family in Corduroy and Denim,£43.68
Don't Forget Steven,£33.23
Chernobyl 01:23:40: The Incredible True Story of the World's Worst Nuclear Disaster,£35.92
Art and Fear: Observations on the Perils (and Rewards) of Artmaking,£48.63
A Shard of Ice (The Black Symphony Saga #1),£56.63
A Hero's Curse (The Unseen Chronicles #1),£50.49
23 Degrees South: A Tropical Tale of Changing Whether...,£35.79
"Zero to One: Notes on Startups, or How to Build the Future",£34.06
Why Not Me?,£17.76
When Breath Becomes Air,£39.36
Vagabonding: An Uncommon Guide to the Art of Long-Term World Travel,£36.94
The Unlikely Pilgrimage of Harold Fry (Harold Fry #1),£43.62
The New Drawing on the Right Side of the Brain,£43.02
"The Midnight Assassin: Panic, Scandal, and the Hunt for America's First Serial Killer",£28.45
The Martian (The Martian #1),£41.39
The High Mountains of Portugal,£51.15
The Grownup,£35.88
The E-Myth Revisited: Why Most Small Businesses Don't Work and What to Do About It,£36.91
South of Sunshine,£28.93
Smarter Faster Better: The Secrets of Being Productive in Life and Business,£38.89
Silence in the Dark (Logan Point #4),£58.33
Shadows of the Past (Logan Point #1),£39.67
Roller Girl,£14.10
Rising Strong,£21.82
Proofs of God: Classical Arguments from Tertullian to Barth,£54.21
Please Kill Me: The Uncensored Oral History of Punk,£31.19
Out of Print: City Lights Spotlight No. 14,£53.64
My Life Next Door (My Life Next Door ),£36.39
Miller's Valley,£58.54
Man's Search for Meaning,£29.48
"Love That Boy: What Two Presidents, Eight Road Trips, and My Son Taught Me About a Parent's Expectations",£25.06
Living Forward: A Proven Plan to Stop Drifting and Get the Life You Want,£12.55
Les Fleurs du Mal,£29.04
Left Behind (Left Behind #1),£40.72
Kill 'Em and Leave: Searching for James Brown and the American Soul,£45.05
Kierkegaard: A Christian Missionary to Christians,£47.13
John Vassos: Industrial Design for Modern Life,£20.22
I'll Give You the Sun,£56.48
I Will Find You,£44.21
Hystopia: A Novel,£21.96
Howl and Other Poems,£40.45
History of Beauty,£10.29
