name,price
A Light in the Attic,£51.77
Tipping the Velvet,£53.74
Soumission,£50.10
Sharp Objects,£47.82
Sapiens: A Brief History of Humankind,£54.23
The Requiem Red,£22.65
The Dirty Little Secrets of Getting Your Dream Job,£33.34
"The Coming Woman: A Novel Based on the Life of the Infamous Feminist, Victoria Woodhull",£17.93
The Boys in the Boat: Nine Americans and Their Epic Quest for Gold at the 1936 Berlin Olympics,£22.60
The Black Maria,£52.15
"Starving Hearts (Triangular Trade Trilogy, #1)",£13.99
Shakespeare's Sonnets,£20.66
Set Me Free,£17.46
Scott Pilgrim's Precious Little Life (Scott Pilgrim #1),£52.29
Rip it Up and Start Again,£35.02
"Our Band Could Be Your Life: Scenes from the American Indie Underground, 1981-1991",£57.25
Olio,£23.88
Mesaerion: The Best Science Fiction Stories 1800-1849,£37.59
Libertarianism for Beginners,£51.33
It's Only the Himalayas,£45.17
In Her Wake,£12.84
How Music Works,£37.32
"Foolproof Preserving: A Guide to Small Batch Jams, Jellies, Pickles, Condiments, and More: A Foolproof Guide to Making Small Batch Jams, Jellies, Pickles, Condiments, and More",£30.52
Chase Me (Paris Nights #2),£25.27
Black Dust,£34.53
Birdsong: A Story in Pictures,£54.64
America's Cradle of Quarterbacks: Western Pennsylvania's Football Factory from Johnny Unitas to Joe Montana,£22.50
Aladdin and His Wonderful Lamp,£53.13
Worlds Elsewhere: Journeys Around Shakespeare’s Globe,£40.30
Wall and Piece,£44.18
The Four Agreements: A Practical Guide to Personal Freedom,£17.66
The Five Love Languages: How to Express Heartfelt Commitment to Your Mate,£31.05
The Elephant Tree,£23.82
The Bear and the Piano,£36.89
Sophie's World,£15.94
Penny Maybe,£33.29
Maude (1883-1993):She Grew Up with the country,£18.02
"In a Dark, Dark Wood",£19.63
Behind Closed Doors,£52.22
You can't bury them all: Poems,£33.63
Slow States of Collapse: Poems,£57.31
Reasons to Stay Alive,£26.41
Private Paris (Private #10),£47.61
#HigherSelfie: Wake Up Your Life. Free Your Soul. Find Your Tribe.,£23.11
Without Borders (Wanderlove #1),£45.07
When We Collided,£31.77
"We Love You, Charlie Freeman",£50.27
Untitled Collection: Sabbath Poems 2014,£14.27
"Unseen City: The Majesty of Pigeons, the Discreet Charm of Snails & Other Wonders of the Urban Wilderness",£44.18
Unicorn Tracks,£18.78
"Unbound: How Eight Technologies Made Us Human, Transformed Society, and Brought Our World to the Brink",£25.52
Tsubasa: WoRLD CHRoNiCLE 2 (Tsubasa WoRLD CHRoNiCLE #2),£16.28
Throwing Rocks at the Google Bus: How Growth Became the Enemy of Prosperity,£31.12
This One Summer,£19.49
Thirst,£17.27
The Torch Is Passed: A Harding Family Story,£19.09
The Secret of Dreadwillow Carse,£56.13
"The Pioneer Woman Cooks: Dinnertime: Comfort Classics, Freezer Food, 16-Minute Meals, and Other Delicious Ways to Solve Supper!",£56.41
The Past Never Ends,£56.50
The Natural History of Us (The Fine Art of Pretending #2),£45.22
The Nameless City (The Nameless City #1),£38.16
The Murder That Never Was (Forensic Instincts #5),£54.11
The Most Perfect Thing: Inside (and Outside) a Bird's Egg,£42.96
"The Mindfulness and Acceptance Workbook for Anxiety: A Guide to Breaking Free from Anxiety, Phobias, and Worry Using Acceptance and Commitment Therapy",£23.89
The Life-Changing Magic of Tidying Up: The Japanese Art of Decluttering and Organizing,£16.77
"The Inefficiency Assassin: Time Management Tactics for Working Smarter, Not Longer",£20.59
The Gutsy Girl: Escapades for Your Life of Epic Adventure,£37.13
The Electric Pencil: Drawings from Inside State Hospital No. 3,£56.06
The Death of Humanity: and the Case for Life,£58.11
"The Bulletproof Diet: Lose up to a Pound a Day, Reclaim Energy and Focus, Upgrade Your Life",£49.05
The Art Forger,£40.76
The Age of Genius: The Seventeenth Century and the Birth of the Modern Mind,£19.73
The Activist's Tao Te Ching: Ancient Advice for a Modern Revolution,£32.24
Spark Joy: An Illustrated Master Class on the Art of Organizing and Tidying Up,£41.83
Soul Reader,£39.58
Security,£39.25
"Saga, Volume 6 (Saga (Collected Editions) #6)",£25.02
"Saga, Volume 5 (Saga (Collected Editions) #5)",£51.04
Reskilling America: Learning to Labor in the Twenty-First Century,£19.83
"Rat Queens, Vol. 3: Demons (Rat Queens (Collected Editions) #11-15)",£50.40
"Princess Jellyfish 2-in-1 Omnibus, Vol. 01 (Princess Jellyfish 2-in-1 Omnibus #1)",£13.61
Princess Between Worlds (Wide-Awake Princess #5),£13.34
"Pop Gun War, Volume 1: Gift",£18.97
"Political Suicide: Missteps, Peccadilloes, Bad Calls, Backroom Hijinx, Sordid Pasts, Rotten Breaks, and Just Plain Dumb Mistakes in the Annals of American Politics",£36.28
Patience,£10.16
"Outcast, Vol. 1: A Darkness Surrounds Him (Outcast #1)",£15.44
orange: The Complete Collection 1 (orange: The Complete Collection #1),£48.41
Online Marketing for Busy Authors: A Step-By-Step Guide,£46.35
On a Midnight Clear,£14.07
Obsidian (Lux #1),£14.86
My Paris Kitchen: Recipes and Stories,£33.37
Masks and Shadows,£56.40
"Mama Tried: Traditional Italian Cooking for the Screwed, Crude, Vegan, and Tattooed",£14.02
"Lumberjanes, Vol. 2: Friendship to the Max (Lumberjanes #5-8)",£46.91
"Lumberjanes, Vol. 1: Beware the Kitten Holy (Lumberjanes #1-4)",£45.61
Lumberjanes Vol. 3: A Terrible Plan (Lumberjanes #9-12),£19.92
"Layered: Baking, Building, and Styling Spectacular Cakes",£40.11
Judo: Seven Steps to Black Belt (an Introductory Guide for Beginners),£53.90
Join,£35.67
In the Country We Love: My Family Divided,£22.00
Immunity: How Elie Metchnikoff Changed the Course of Modern Medicine,£57.36
"I Hate Fairyland, Vol. 1: Madly Ever After (I Hate Fairyland (Compilations) #1-5)",£29.17
I am a Hero Omnibus Volume 1,£54.63
How to Be Miserable: 40 Strategies You Already Use,£46.03
Her Backup Boyfriend (The Sorensen Family #1),£33.97
"Giant Days, Vol. 2 (Giant Days #5-8)",£22.11
Forever and Forever: The Courtship of Henry Longfellow and Fanny Appleton,£29.69
First and First (Five Boroughs #3),£15.97
Fifty Shades Darker (Fifty Shades #2),£21.96
Everydata: The Misinformation Hidden in the Little Data You Consume Every Day,£54.35
"Don't Be a Jerk: And Other Practical Advice from Dogen, Japan's Greatest Zen Master",£37.97
Danganronpa Volume 1,£51.99
Crown of Midnight (Throne of Glass #2),£43.29
"Codename Baboushka, Volume 1: The Conclave of Death",£36.72
Camp Midnight,£17.08
Call the Nurse: True Stories of a Country Nurse on a Scottish Isle,£29.14
Burning,£28.81
Bossypants,£49.46
"Bitch Planet, Vol. 1: Extraordinary Machine (Bitch Planet (Collected Editions))",£37.92
"Avatar: The Last Airbender: Smoke and Shadow, Part 3 (Smoke and Shadow #3)",£28.09
Algorithms to Live By: The Computer Science of Human Decisions,£30.81
A World of Flavor: Your Gluten Free Passport,£42.95
"A Piece of Sky, a Grain of Rice: A Memoir in Four Meditations",£56.76
A Murder in Time,£16.64
A Flight of Arrows (The Pathfinders #2),£55.53
A Fierce and Subtle Poison,£28.13
A Court of Thorns and Roses (A Court of Thorns and Roses #1),£52.37
(Un)Qualified: How God Uses Broken People to Do Big Things,£54.00
You Are What You Love: The Spiritual Power of Habit,£21.87
"William Shakespeare's Star Wars: Verily, A New Hope (William Shakespeare's Star Wars #4)",£43.30
Tuesday Nights in 1980,£21.04
Tracing Numbers on a Train,£41.60
Throne of Glass (Throne of Glass #1),£35.07
Thomas Jefferson and the Tripoli Pirates: The Forgotten War That Changed American History,£59.64
Thirteen Reasons Why,£52.72
The White Cat and the Monk: A Retelling of the Poem “Pangur Bán”,£58.08
The Wedding Dress,£24.12
The Vacationers,£42.15
The Third Wave: An Entrepreneur’s Vision of the Future,£12.61
The Stranger,£17.44
The Shadow Hero (The Shadow Hero),£33.14
The Secret (The Secret #1),£27.37
The Regional Office Is Under Attack!,£51.36
The Psychopath Test: A Journey Through the Madness Industry,£36.00
The Project,£10.65
The Power of Now: A Guide to Spiritual Enlightenment,£43.54
The Omnivore's Dilemma: A Natural History of Four Meals,£38.21
The Nerdy Nummies Cookbook: Sweet Treats for the Geek in All of Us,£37.34
The Murder of Roger Ackroyd (Hercule Poirot #4),£44.10
The Mistake (Off-Campus #2),£43.29
The Matchmaker's Playbook (Wingmen Inc. #1),£55.85
The Love and Lemons Cookbook: An Apple-to-Zucchini Celebration of Impromptu Cooking,£37.60
The Long Shadow of Small Ghosts: Murder and Memory in an American City,£10.97
The Kite Runner,£41.82
The House by the Lake,£36.95
The Glittering Court (The Glittering Court #1),£44.28
The Girl on the Train,£55.02
The Genius of Birds,£17.24
The Emerald Mystery,£23.15
The Cookies & Cups Cookbook: 125+ sweet & savory recipes reminding you to Always Eat Dessert First,£41.25
The Bridge to Consciousness: I'm Writing the Bridge Between Science and Our Old and New Beliefs.,£32.00
The Artist's Way: A Spiritual Path to Higher Creativity,£38.49
The Art of War,£33.34
The Argonauts,£10.93
The 10% Entrepreneur: Live Your Startup Dream Without Quitting Your Day Job,£27.55
Suddenly in Love (Lake Haven #1),£55.99
Something More Than This,£16.24
Soft Apocalypse,£26.12
So You've Been Publicly Shamed,£12.23
Shoe Dog: A Memoir by the Creator of NIKE,£23.99
"Shobu Samurai, Project Aryoku (#3)",£29.06
Secrets and Lace (Fatal Hearts #1),£20.27
Scarlett Epstein Hates It Here,£43.55
Romero and Juliet: A Tragic Tale of Love and Zombies,£36.94
Redeeming Love,£20.47
Poses for Artists Volume 1 - Dynamic and Sitting Poses: An Essential Reference for Figure Drawing and the Human Form,£41.06
Poems That Make Grown Women Cry,£14.19
"Nightingale, Sing",£38.28
Night Sky with Exit Wounds,£41.05
Mrs. Houdini,£30.25
Modern Romance,£28.26
Miss Peregrine’s Home for Peculiar Children (Miss Peregrine’s Peculiar Children #1),£10.76
Louisa: The Extraordinary Life of Mrs. Adams,£16.85
Little Red,£13.47
Library of Souls (Miss Peregrine’s Peculiar Children #3),£48.56
Large Print Heart of the Pride,£19.15
I Had a Nice Time And Other Lies...: How to find love & sh*t like that,£57.36
Hollow City (Miss Peregrine’s Peculiar Children #2),£42.98
Grumbles,£22.16
Full Moon over Noah’s Ark: An Odyssey to Mount Ararat and Beyond,£49.43
Frostbite (Vampire Academy #2),£29.99
Follow You Home,£21.36
First Steps for New Christians (Print Edition),£29.00
Finders Keepers (Bill Hodges Trilogy #2),£53.53
"Fables, Vol. 1: Legends in Exile (Fables #1)",£41.62
Eureka Trivia 6.0,£54.59
Drive: The Surprising Truth About What Motivates Us,£34.95
Done Rubbed Out (Reightman & Bailey #1),£37.72
Doing It Over (Most Likely To #1),£35.61
"Deliciously Ella Every Day: Quick and Easy Recipes for Gluten-Free Snacks, Packed Lunches, and Simple Meals",£42.16
Dark Notes,£19.19
"Daring Greatly: How the Courage to Be Vulnerable Transforms the Way We Live, Love, Parent, and Lead",£19.43
Close to You,£49.46
Chasing Heaven: What Dying Taught Me About Living,£37.80
Big Magic: Creative Living Beyond Fear,£30.80
Becoming Wise: An Inquiry into the Mystery and Art of Living,£27.43
Beauty Restored (Riley Family Legacy Novellas #3),£11.11
Batman: The Long Halloween (Batman),£36.50
Batman: The Dark Knight Returns (Batman),£15.38
Ayumi's Violin,£15.48
Anonymous,£46.82
Amy Meets the Saints and Sages,£18.46
Amid the Chaos,£36.58
Amatus,£50.54
Agnostic: A Spirited Manifesto,£12.51
Zealot: The Life and Times of Jesus of Nazareth,£24.70
You (You #1),£43.61
"Wonder Woman: Earth One, Volume One (Wonder Woman: Earth One #1)",£37.34
Wild Swans,£14.36
Why the Right Went Wrong: Conservatism--From Goldwater to the Tea Party and Beyond,£52.65
